-- phpMyAdmin SQL Dump
-- version 4.7.4
-- https://www.phpmyadmin.net/
--
-- Host: 127.0.0.1
-- Generation Time: 24-Jan-2018 às 19:44
-- Versão do servidor: 10.1.28-MariaDB
-- PHP Version: 7.1.11

SET SQL_MODE = "NO_AUTO_VALUE_ON_ZERO";
SET AUTOCOMMIT = 0;
START TRANSACTION;
SET time_zone = "+00:00";


/*!40101 SET @OLD_CHARACTER_SET_CLIENT=@@CHARACTER_SET_CLIENT */;
/*!40101 SET @OLD_CHARACTER_SET_RESULTS=@@CHARACTER_SET_RESULTS */;
/*!40101 SET @OLD_COLLATION_CONNECTION=@@COLLATION_CONNECTION */;
/*!40101 SET NAMES utf8mb4 */;

--
-- Database: `db_ecommerce`
--

-- --------------------------------------------------------

--
-- Estrutura da tabela `tb_addresses`
--

CREATE TABLE `tb_addresses` (
  `idaddress` int(11) NOT NULL,
  `iduser` int(11) NOT NULL,
  `address` varchar(128) NOT NULL,
  `complement` varchar(32) DEFAULT NULL,
  `city` varchar(32) NOT NULL,
  `state` varchar(32) NOT NULL,
  `country` varchar(32) NOT NULL,
  `nrzipcode` int(11) NOT NULL,
  `dtregister` timestamp NOT NULL DEFAULT CURRENT_TIMESTAMP
) ENGINE=InnoDB DEFAULT CHARSET=utf8;

-- --------------------------------------------------------

--
-- Estrutura da tabela `tb_carts`
--

CREATE TABLE `tb_carts` (
  `idcart` int(11) NOT NULL,
  `sessionid` varchar(64) NOT NULL,
  `iduser` int(11) DEFAULT NULL,
  `zipcode` char(8) DEFAULT NULL,
  `vlfreight` decimal(10,2) DEFAULT NULL,
  `nrdays` int(11) DEFAULT NULL,
  `dtregister` timestamp NOT NULL DEFAULT CURRENT_TIMESTAMP
) ENGINE=InnoDB DEFAULT CHARSET=utf8;

-- --------------------------------------------------------

--
-- Estrutura da tabela `tb_cartsproducts`
--

CREATE TABLE `tb_cartsproducts` (
  `idcartproduct` int(11) NOT NULL,
  `idcart` int(11) NOT NULL,
  `idproduct` int(11) NOT NULL,
  `dtremoved` datetime NOT NULL,
  `dtregister` timestamp NOT NULL DEFAULT CURRENT_TIMESTAMP
) ENGINE=InnoDB DEFAULT CHARSET=utf8;

-- --------------------------------------------------------

--
-- Estrutura da tabela `tb_categories`
--

CREATE TABLE `tb_categories` (
  `idcategory` int(11) NOT NULL,
  `category` varchar(32) NOT NULL,
  `dtregister` timestamp NOT NULL DEFAULT CURRENT_TIMESTAMP
) ENGINE=InnoDB DEFAULT CHARSET=utf8;

--
-- Extraindo dados da tabela `tb_categories`
--

INSERT INTO `tb_categories` (`idcategory`, `category`, `dtregister`) VALUES
(1, 'Smartphone', '2018-01-20 02:09:19'),
(2, 'Android', '2018-01-20 02:24:34'),
(3, 'IOS', '2018-01-20 02:24:41');

-- --------------------------------------------------------

--
-- Estrutura da tabela `tb_orders`
--

CREATE TABLE `tb_orders` (
  `idorder` int(11) NOT NULL,
  `idcart` int(11) NOT NULL,
  `iduser` int(11) NOT NULL,
  `idstatus` int(11) NOT NULL,
  `vltotal` decimal(10,2) NOT NULL,
  `dtregister` timestamp NOT NULL DEFAULT CURRENT_TIMESTAMP
) ENGINE=InnoDB DEFAULT CHARSET=utf8;

-- --------------------------------------------------------

--
-- Estrutura da tabela `tb_ordersstatus`
--

CREATE TABLE `tb_ordersstatus` (
  `idstatus` int(11) NOT NULL,
  `status` varchar(32) NOT NULL,
  `dtregister` timestamp NOT NULL DEFAULT CURRENT_TIMESTAMP
) ENGINE=InnoDB DEFAULT CHARSET=utf8;

--
-- Extraindo dados da tabela `tb_ordersstatus`
--

INSERT INTO `tb_ordersstatus` (`idstatus`, `status`, `dtregister`) VALUES
(1, 'Em Aberto', '2017-03-13 06:00:00'),
(2, 'Aguardando Pagamento', '2017-03-13 06:00:00'),
(3, 'Pago', '2017-03-13 06:00:00'),
(4, 'Entregue', '2017-03-13 06:00:00');

-- --------------------------------------------------------

--
-- Estrutura da tabela `tb_products`
--

CREATE TABLE `tb_products` (
  `idproduct` int(11) NOT NULL,
  `product` varchar(64) NOT NULL,
  `vlprice` decimal(10,2) NOT NULL,
  `vlwidth` decimal(10,2) NOT NULL,
  `vlheight` decimal(10,2) NOT NULL,
  `vllength` decimal(10,2) NOT NULL,
  `vlweight` decimal(10,2) NOT NULL,
  `url` varchar(128) NOT NULL,
  `dtregister` timestamp NOT NULL DEFAULT CURRENT_TIMESTAMP,
  `imgproduct` varchar(20) NOT NULL
) ENGINE=InnoDB DEFAULT CHARSET=utf8;

--
-- Extraindo dados da tabela `tb_products`
--

INSERT INTO `tb_products` (`idproduct`, `product`, `vlprice`, `vlwidth`, `vlheight`, `vllength`, `vlweight`, `url`, `dtregister`, `imgproduct`) VALUES
(6, 'Smartphone Motorola Moto G5 Plus', '1135.23', '15.20', '7.40', '0.70', '0.16', 'smartphone-motorola-moto-g5-plus', '2018-01-20 00:53:05', '1516409761.jpg'),
(7, 'Smartphone Moto Z Play', '1887.78', '14.10', '0.90', '1.16', '0.13', 'smartphone-moto-z-play', '2018-01-20 00:53:05', '1516409746.jpg'),
(8, 'Smartphone Samsung Galaxy J5 Pro', '1299.00', '14.60', '7.10', '0.80', '0.16', 'smartphone-samsung-galaxy-j5', '2018-01-20 00:53:05', '1516409734.jpg'),
(9, 'Smartphone Samsung Galaxy J7 Prime', '1149.00', '15.10', '7.50', '0.80', '0.16', 'smartphone-samsung-galaxy-j7', '2018-01-20 00:53:05', '1516409727.jpg'),
(10, 'Smartphone Samsung Galaxy J3 Dual', '679.90', '14.20', '7.10', '0.70', '0.14', 'smartphone-samsung-galaxy-j3', '2018-01-20 00:53:05', '1516409713.jpg');

-- --------------------------------------------------------

--
-- Estrutura da tabela `tb_productscategories`
--

CREATE TABLE `tb_productscategories` (
  `idcategory` int(11) NOT NULL,
  `idproduct` int(11) NOT NULL
) ENGINE=InnoDB DEFAULT CHARSET=utf8;

--
-- Extraindo dados da tabela `tb_productscategories`
--

INSERT INTO `tb_productscategories` (`idcategory`, `idproduct`) VALUES
(2, 6),
(2, 7),
(3, 9),
(3, 10),
(3, 6),
(3, 7),
(3, 8);

-- --------------------------------------------------------

--
-- Estrutura da tabela `tb_users`
--

CREATE TABLE `tb_users` (
  `iduser` int(11) NOT NULL,
  `login` varchar(64) NOT NULL,
  `password` varchar(256) NOT NULL,
  `admin` tinyint(4) NOT NULL DEFAULT '0',
  `nome` varchar(64) NOT NULL,
  `email` varchar(128) DEFAULT NULL,
  `phone` bigint(20) DEFAULT NULL,
  `dtregister` timestamp NOT NULL DEFAULT CURRENT_TIMESTAMP
) ENGINE=InnoDB DEFAULT CHARSET=utf8;

--
-- Extraindo dados da tabela `tb_users`
--

INSERT INTO `tb_users` (`iduser`, `login`, `password`, `admin`, `nome`, `email`, `phone`, `dtregister`) VALUES
(1, 'admin', '21232f297a57a5a743894a0e4a801fc3', 1, 'admin', 'admin@admin.com', 123456, '2018-01-20 00:00:21');

-- --------------------------------------------------------

--
-- Estrutura da tabela `tb_userslogs`
--

CREATE TABLE `tb_userslogs` (
  `idlog` int(11) NOT NULL,
  `iduser` int(11) NOT NULL,
  `log` varchar(128) NOT NULL,
  `ip` varchar(45) NOT NULL,
  `useragent` varchar(128) NOT NULL,
  `sessionid` varchar(64) NOT NULL,
  `url` varchar(128) NOT NULL,
  `dtregister` timestamp NOT NULL DEFAULT CURRENT_TIMESTAMP
) ENGINE=InnoDB DEFAULT CHARSET=utf8;

-- --------------------------------------------------------

--
-- Estrutura da tabela `tb_userspasswordsrecoveries`
--

CREATE TABLE `tb_userspasswordsrecoveries` (
  `idrecovery` int(11) NOT NULL,
  `iduser` int(11) NOT NULL,
  `desip` varchar(45) NOT NULL,
  `dtrecovery` datetime DEFAULT NULL,
  `dtregister` timestamp NOT NULL DEFAULT CURRENT_TIMESTAMP
) ENGINE=InnoDB DEFAULT CHARSET=utf8;

--
-- Extraindo dados da tabela `tb_userspasswordsrecoveries`
--

INSERT INTO `tb_userspasswordsrecoveries` (`idrecovery`, `iduser`, `desip`, `dtrecovery`, `dtregister`) VALUES
(1, 7, '127.0.0.1', NULL, '2017-03-15 19:10:59'),
(2, 7, '127.0.0.1', '2017-03-15 13:33:45', '2017-03-15 19:11:18'),
(3, 7, '127.0.0.1', '2017-03-15 13:37:35', '2017-03-15 19:37:12');

--
-- Indexes for dumped tables
--

--
-- Indexes for table `tb_addresses`
--
ALTER TABLE `tb_addresses`
  ADD PRIMARY KEY (`idaddress`),
  ADD KEY `fk_addresses_persons_idx` (`iduser`);

--
-- Indexes for table `tb_carts`
--
ALTER TABLE `tb_carts`
  ADD PRIMARY KEY (`idcart`),
  ADD KEY `FK_carts_users_idx` (`iduser`);

--
-- Indexes for table `tb_cartsproducts`
--
ALTER TABLE `tb_cartsproducts`
  ADD PRIMARY KEY (`idcartproduct`),
  ADD KEY `FK_cartsproducts_carts_idx` (`idcart`),
  ADD KEY `FK_cartsproducts_products_idx` (`idproduct`);

--
-- Indexes for table `tb_categories`
--
ALTER TABLE `tb_categories`
  ADD PRIMARY KEY (`idcategory`);

--
-- Indexes for table `tb_orders`
--
ALTER TABLE `tb_orders`
  ADD PRIMARY KEY (`idorder`),
  ADD KEY `FK_orders_carts_idx` (`idcart`),
  ADD KEY `FK_orders_users_idx` (`iduser`),
  ADD KEY `fk_orders_ordersstatus_idx` (`idstatus`);

--
-- Indexes for table `tb_ordersstatus`
--
ALTER TABLE `tb_ordersstatus`
  ADD PRIMARY KEY (`idstatus`);

--
-- Indexes for table `tb_products`
--
ALTER TABLE `tb_products`
  ADD PRIMARY KEY (`idproduct`);

--
-- Indexes for table `tb_users`
--
ALTER TABLE `tb_users`
  ADD PRIMARY KEY (`iduser`);

--
-- Indexes for table `tb_userslogs`
--
ALTER TABLE `tb_userslogs`
  ADD PRIMARY KEY (`idlog`);

--
-- Indexes for table `tb_userspasswordsrecoveries`
--
ALTER TABLE `tb_userspasswordsrecoveries`
  ADD PRIMARY KEY (`idrecovery`);

--
-- AUTO_INCREMENT for dumped tables
--

--
-- AUTO_INCREMENT for table `tb_addresses`
--
ALTER TABLE `tb_addresses`
  MODIFY `idaddress` int(11) NOT NULL AUTO_INCREMENT;

--
-- AUTO_INCREMENT for table `tb_carts`
--
ALTER TABLE `tb_carts`
  MODIFY `idcart` int(11) NOT NULL AUTO_INCREMENT;

--
-- AUTO_INCREMENT for table `tb_cartsproducts`
--
ALTER TABLE `tb_cartsproducts`
  MODIFY `idcartproduct` int(11) NOT NULL AUTO_INCREMENT;

--
-- AUTO_INCREMENT for table `tb_categories`
--
ALTER TABLE `tb_categories`
  MODIFY `idcategory` int(11) NOT NULL AUTO_INCREMENT, AUTO_INCREMENT=4;

--
-- AUTO_INCREMENT for table `tb_orders`
--
ALTER TABLE `tb_orders`
  MODIFY `idorder` int(11) NOT NULL AUTO_INCREMENT;

--
-- AUTO_INCREMENT for table `tb_ordersstatus`
--
ALTER TABLE `tb_ordersstatus`
  MODIFY `idstatus` int(11) NOT NULL AUTO_INCREMENT, AUTO_INCREMENT=5;

--
-- AUTO_INCREMENT for table `tb_products`
--
ALTER TABLE `tb_products`
  MODIFY `idproduct` int(11) NOT NULL AUTO_INCREMENT, AUTO_INCREMENT=11;

--
-- AUTO_INCREMENT for table `tb_users`
--
ALTER TABLE `tb_users`
  MODIFY `iduser` int(11) NOT NULL AUTO_INCREMENT, AUTO_INCREMENT=2;

--
-- AUTO_INCREMENT for table `tb_userslogs`
--
ALTER TABLE `tb_userslogs`
  MODIFY `idlog` int(11) NOT NULL AUTO_INCREMENT;

--
-- AUTO_INCREMENT for table `tb_userspasswordsrecoveries`
--
ALTER TABLE `tb_userspasswordsrecoveries`
  MODIFY `idrecovery` int(11) NOT NULL AUTO_INCREMENT, AUTO_INCREMENT=4;

--
-- Constraints for dumped tables
--

--
-- Limitadores para a tabela `tb_carts`
--
ALTER TABLE `tb_carts`
  ADD CONSTRAINT `fk_carts_users` FOREIGN KEY (`iduser`) REFERENCES `tb_users` (`iduser`) ON DELETE NO ACTION ON UPDATE NO ACTION;
COMMIT;

/*!40101 SET CHARACTER_SET_CLIENT=@OLD_CHARACTER_SET_CLIENT */;
/*!40101 SET CHARACTER_SET_RESULTS=@OLD_CHARACTER_SET_RESULTS */;
/*!40101 SET COLLATION_CONNECTION=@OLD_COLLATION_CONNECTION */;
